{"branches": 70.55643879173292, "coverage": 78.48656018698871}