{"branches": 74.27805894611491, "coverage": 82.56662024689027}