{"branches": 70.68362480127186, "coverage": 78.52551616673159}